“,記号-括弧開,記号,括弧開,,
移民,名詞-サ変接続,名詞,サ変接続,,
”,記号-括弧閉,記号,括弧閉,,
で,助詞-格助詞-一般,助詞,格助詞,一般,
は,助詞-係助詞,助詞,係助詞,,
ない,助動詞,助動詞,,,
けれど,助詞-接続助詞,助詞,接続助詞,,
、,記号-読点,記号,読点,,
群馬,名詞-固有名詞-地域-一般,名詞,固有名詞,地域,一般
に,助詞-格助詞-一般,助詞,格助詞,一般,
は,助詞-係助詞,助詞,係助詞,,
行き場,名詞-一般,名詞,一般,,
を,助詞-格助詞-一般,助詞,格助詞,一般,
失っ,動詞-自立,動詞,自立,,
た,助動詞,助動詞,,,
ベトナム人,名詞-固有名詞-一般,名詞,固有名詞,一般,
の,助詞-連体化,助詞,連体化,,
ベトナム,名詞-固有名詞-地域-国,名詞,固有名詞,地域,国
村,名詞-接尾-地域,名詞,接尾,地域,
が,助詞-格助詞-一般,助詞,格助詞,一般,
形成,名詞-サ変接続,名詞,サ変接続,,
さ,動詞-自立,動詞,自立,,
れ,動詞-接尾,動詞,接尾,,
つつ,助詞-接続助詞,助詞,接続助詞,,
ある,動詞-自立,動詞,自立,,
と,助詞-格助詞-引用,助詞,格助詞,引用,
聞く,動詞-自立,動詞,自立,,
から,助詞-接続助詞,助詞,接続助詞,,
、,記号-読点,記号,読点,,
令和5年,名詞-固有名詞-一般,名詞,固有名詞,一般,
の,助詞-連体化,助詞,連体化,,
日本,名詞-固有名詞-地域-国,名詞,固有名詞,地域,国
は,助詞-係助詞,助詞,係助詞,,
一体,副詞-一般,副詞,一般,,
どこ,名詞-代名詞-一般,名詞,代名詞,一般,
に,助詞-格助詞-一般,助詞,格助詞,一般,
向かっ,動詞-自立,動詞,自立,,
てる,動詞-非自立,動詞,非自立,,
の,名詞-非自立-一般,名詞,非自立,一般,
か,助詞-副助詞／並立助詞／終助詞,助詞,副助詞／並立助詞／終助詞,,
な,助詞-終助詞,助詞,終助詞,,
と,助詞-格助詞-引用,助詞,格助詞,引用,
は,助詞-係助詞,助詞,係助詞,,
思う,動詞-自立,動詞,自立,,
けれど,助詞-接続助詞,助詞,接続助詞,,
ね,助詞-終助詞,助詞,終助詞,,
。,記号-句点,記号,句点,,
日本社会,名詞-固有名詞-一般,名詞,固有名詞,一般,
も,助詞-係助詞,助詞,係助詞,,
間接的,名詞-固有名詞-一般,名詞,固有名詞,一般,
に,助詞-格助詞-一般,助詞,格助詞,一般,
移民,名詞-サ変接続,名詞,サ変接続,,
に,助詞-格助詞-一般,助詞,格助詞,一般,
頼っ,動詞-自立,動詞,自立,,
た,助動詞,助動詞,,,
生活,名詞-サ変接続,名詞,サ変接続,,
を,助詞-格助詞-一般,助詞,格助詞,一般,
送っ,動詞-自立,動詞,自立,,
て,助詞-接続助詞,助詞,接続助詞,,
いる,動詞-非自立,動詞,非自立,,
という,助詞-格助詞-連語,助詞,格助詞,連語,
こと,名詞-非自立-一般,名詞,非自立,一般,
。,記号-句点,記号,句点,,
介護施設,名詞-固有名詞-一般,名詞,固有名詞,一般,
や,助詞-並立助詞,助詞,並立助詞,,
生産現場,名詞-固有名詞-一般,名詞,固有名詞,一般,
、,記号-読点,記号,読点,,
流通,名詞-サ変接続,名詞,サ変接続,,
現場,名詞-一般,名詞,一般,,
と,助詞-並立助詞,助詞,並立助詞,,
奥,名詞-一般,名詞,一般,,
が,助詞-格助詞-一般,助詞,格助詞,一般,
深い,形容詞-自立,形容詞,自立,,
。,記号-句点,記号,句点,,
定年,名詞-一般,名詞,一般,,
後,名詞-接尾-副詞可能,名詞,接尾,副詞可能,
の,助詞-連体化,助詞,連体化,,
補充,名詞-サ変接続,名詞,サ変接続,,
は,助詞-係助詞,助詞,係助詞,,
、,記号-読点,記号,読点,,
こうした,連体詞,連体詞,,,
人たち,名詞-一般,名詞,一般,,
が,助詞-格助詞-一般,助詞,格助詞,一般,
補っ,動詞-自立,動詞,自立,,
て,助詞-接続助詞,助詞,接続助詞,,
いる,動詞-非自立,動詞,非自立,,
現実,名詞-一般,名詞,一般,,
も,助詞-係助詞,助詞,係助詞,,
ある,動詞-自立,動詞,自立,,
。,記号-句点,記号,句点,,
行政,名詞-一般,名詞,一般,,
は,助詞-係助詞,助詞,係助詞,,
、,記号-読点,記号,読点,,
移民,名詞-サ変接続,名詞,サ変接続,,
や,助詞-並立助詞,助詞,並立助詞,,
海外,名詞-一般,名詞,一般,,
労働,名詞-サ変接続,名詞,サ変接続,,
者,名詞-接尾-一般,名詞,接尾,一般,
の,助詞-連体化,助詞,連体化,,
市町村,名詞-一般,名詞,一般,,
単位,名詞-一般,名詞,一般,,
で,助詞-格助詞-一般,助詞,格助詞,一般,
統計,名詞-サ変接続,名詞,サ変接続,,
を,助詞-格助詞-一般,助詞,格助詞,一般,
出す,動詞-自立,動詞,自立,,
べき,助動詞,助動詞,,,
です,助動詞,助動詞,,,
ね,助詞-終助詞,助詞,終助詞,,
。,記号-句点,記号,句点,,
企業,名詞-一般,名詞,一般,,
が,助詞-格助詞-一般,助詞,格助詞,一般,
施設,名詞-サ変接続,名詞,サ変接続,,
を,助詞-格助詞-一般,助詞,格助詞,一般,
つくっ,動詞-自立,動詞,自立,,
て,助詞-接続助詞,助詞,接続助詞,,
いる,動詞-非自立,動詞,非自立,,
現状,名詞-一般,名詞,一般,,
から,助詞-格助詞-一般,助詞,格助詞,一般,
する,動詞-自立,動詞,自立,,
と,助詞-接続助詞,助詞,接続助詞,,
、,記号-読点,記号,読点,,
小規模,名詞-形容動詞語幹,名詞,形容動詞語幹,,
な,助動詞,助動詞,,,
トラブル,名詞-一般,名詞,一般,,
が,助詞-格助詞-一般,助詞,格助詞,一般,
頻発,名詞-サ変接続,名詞,サ変接続,,
する,動詞-自立,動詞,自立,,
こと,名詞-非自立-一般,名詞,非自立,一般,
が,助詞-格助詞-一般,助詞,格助詞,一般,
想像,名詞-サ変接続,名詞,サ変接続,,
できる,動詞-自立,動詞,自立,,
。,記号-句点,記号,句点,,
どこか,名詞-一般,名詞,一般,,
の,助詞-連体化,助詞,連体化,,
加工,名詞-サ変接続,名詞,サ変接続,,
会社,名詞-一般,名詞,一般,,
の,助詞-連体化,助詞,連体化,,
施設,名詞-サ変接続,名詞,サ変接続,,
という,助詞-格助詞-連語,助詞,格助詞,連語,
か,助詞-副助詞／並立助詞／終助詞,助詞,副助詞／並立助詞／終助詞,,
寮,名詞-一般,名詞,一般,,
みたい,名詞-非自立-形容動詞語幹,名詞,非自立,形容動詞語幹,
な,助動詞,助動詞,,,
隣,名詞-一般,名詞,一般,,
の,助詞-連体化,助詞,連体化,,
家,名詞-一般,名詞,一般,,
が,助詞-格助詞-一般,助詞,格助詞,一般,
、,記号-読点,記号,読点,,
という,助詞-格助詞-連語,助詞,格助詞,連語,
ケース,名詞-一般,名詞,一般,,
も,助詞-係助詞,助詞,係助詞,,
増え,動詞-自立,動詞,自立,,
て,助詞-接続助詞,助詞,接続助詞,,
いる,動詞-非自立,動詞,非自立,,
。,記号-句点,記号,句点,,
人口減少,名詞-固有名詞-一般,名詞,固有名詞,一般,
が,助詞-格助詞-一般,助詞,格助詞,一般,
加速度,名詞-一般,名詞,一般,,
的,名詞-接尾-形容動詞語幹,名詞,接尾,形容動詞語幹,
に,助詞-副詞化,助詞,副詞化,,
影響,名詞-サ変接続,名詞,サ変接続,,
を,助詞-格助詞-一般,助詞,格助詞,一般,
及ぼし,動詞-自立,動詞,自立,,
て,助詞-接続助詞,助詞,接続助詞,,
いる,動詞-非自立,動詞,非自立,,
中,名詞-非自立-副詞可能,名詞,非自立,副詞可能,
で,助詞-格助詞-一般,助詞,格助詞,一般,
、,記号-読点,記号,読点,,
住民,名詞-一般,名詞,一般,,
が,助詞-格助詞-一般,助詞,格助詞,一般,
直接,名詞-副詞可能,名詞,副詞可能,,
向き合える,動詞-自立,動詞,自立,,
環境,名詞-一般,名詞,一般,,
こそ,助詞-係助詞,助詞,係助詞,,
が,助詞-格助詞-一般,助詞,格助詞,一般,
、,記号-読点,記号,読点,,
少子化対策,名詞-固有名詞-一般,名詞,固有名詞,一般,
と,助詞-格助詞-一般,助詞,格助詞,一般,
並行,名詞-サ変接続,名詞,サ変接続,,
し,動詞-自立,動詞,自立,,
て,助詞-接続助詞,助詞,接続助詞,,
行政,名詞-一般,名詞,一般,,
の,助詞-連体化,助詞,連体化,,
仕事,名詞-サ変接続,名詞,サ変接続,,
の,助詞-連体化,助詞,連体化,,
最優先,名詞-固有名詞-一般,名詞,固有名詞,一般,
に,助詞-格助詞-一般,助詞,格助詞,一般,
なる,動詞-自立,動詞,自立,,
。,記号-句点,記号,句点,,
国,名詞-一般,名詞,一般,,
ガチャ,名詞-固有名詞-一般,名詞,固有名詞,一般,
に,助詞-格助詞-一般,助詞,格助詞,一般,
恵まれ,動詞-自立,動詞,自立,,
ず,助動詞,助動詞,,,
、,記号-読点,記号,読点,,
十分,名詞-形容動詞語幹,名詞,形容動詞語幹,,
な,助動詞,助動詞,,,
教育,名詞-サ変接続,名詞,サ変接続,,
も,助詞-係助詞,助詞,係助詞,,
受け,動詞-自立,動詞,自立,,
て,助詞-接続助詞,助詞,接続助詞,,
い,動詞-非自立,動詞,非自立,,
ない,助動詞,助動詞,,,
。,記号-句点,記号,句点,,
アメリカ,名詞-固有名詞-地域-国,名詞,固有名詞,地域,国
に,助詞-格助詞-一般,助詞,格助詞,一般,
渡れ,動詞-自立,動詞,自立,,
ば,助詞-接続助詞,助詞,接続助詞,,
なんとかなる,名詞-固有名詞-人名-一般,名詞,固有名詞,人名,一般
だろ,助動詞,助動詞,,,
う,助動詞,助動詞,,,
と,助詞-接続助詞,助詞,接続助詞,,
、,記号-読点,記号,読点,,
わずか,副詞-助詞類接続,副詞,助詞類接続,,
な,助動詞,助動詞,,,
夢,名詞-一般,名詞,一般,,
と,助詞-格助詞-一般,助詞,格助詞,一般,
希望,名詞-サ変接続,名詞,サ変接続,,
を,助詞-格助詞-一般,助詞,格助詞,一般,
持っ,動詞-自立,動詞,自立,,
て,助詞-接続助詞,助詞,接続助詞,,
不法移民,名詞-固有名詞-一般,名詞,固有名詞,一般,
と,助詞-格助詞-一般,助詞,格助詞,一般,
なる,動詞-自立,動詞,自立,,
人々,名詞-一般,名詞,一般,,
。,記号-句点,記号,句点,,
行きつく,動詞-自立,動詞,自立,,
場所,名詞-一般,名詞,一般,,
の,助詞-格助詞-一般,助詞,格助詞,一般,
無い,形容詞-自立,形容詞,自立,,
不満,名詞-一般,名詞,一般,,
と,助詞-並立助詞,助詞,並立助詞,,
不安,名詞-形容動詞語幹,名詞,形容動詞語幹,,
と,助詞-並立助詞,助詞,並立助詞,,
怒り,名詞-一般,名詞,一般,,
。,記号-句点,記号,句点,,
何,名詞-代名詞-一般,名詞,代名詞,一般,
に,助詞-格助詞-一般,助詞,格助詞,一般,
向かっ,動詞-自立,動詞,自立,,
て,助詞-接続助詞,助詞,接続助詞,,
火,名詞-一般,名詞,一般,,
を,助詞-格助詞-一般,助詞,格助詞,一般,
放っ,動詞-自立,動詞,自立,,
た,助動詞,助動詞,,,
の,名詞-非自立-一般,名詞,非自立,一般,
か,助詞-副助詞／並立助詞／終助詞,助詞,副助詞／並立助詞／終助詞,,
、,記号-読点,記号,読点,,
不満,名詞-一般,名詞,一般,,
は,助詞-係助詞,助詞,係助詞,,
ある,動詞-自立,動詞,自立,,
けれど,助詞-接続助詞,助詞,接続助詞,,
一応,副詞-助詞類接続,副詞,助詞類接続,,
幸せ,名詞-形容動詞語幹,名詞,形容動詞語幹,,
に,助詞-副詞化,助詞,副詞化,,
生き,動詞-自立,動詞,自立,,
て,助詞-接続助詞,助詞,接続助詞,,
いる,動詞-非自立,動詞,非自立,,
我々,名詞-代名詞-一般,名詞,代名詞,一般,
で,助詞-格助詞-一般,助詞,格助詞,一般,
は,助詞-係助詞,助詞,係助詞,,
、,記号-読点,記号,読点,,
想像,名詞-サ変接続,名詞,サ変接続,,
も,助詞-係助詞,助詞,係助詞,,
つか,動詞-自立,動詞,自立,,
ない,助動詞,助動詞,,,
。,記号-句点,記号,句点,,
根本,名詞-一般,名詞,一般,,
的,名詞-接尾-形容動詞語幹,名詞,接尾,形容動詞語幹,
な,助動詞,助動詞,,,
解決,名詞-サ変接続,名詞,サ変接続,,
策,名詞-接尾-一般,名詞,接尾,一般,
は,助詞-係助詞,助詞,係助詞,,
、,記号-読点,記号,読点,,
その,連体詞,連体詞,,,
国,名詞-一般,名詞,一般,,
が,助詞-格助詞-一般,助詞,格助詞,一般,
豊か,名詞-形容動詞語幹,名詞,形容動詞語幹,,
に,助詞-格助詞-一般,助詞,格助詞,一般,
なる,動詞-自立,動詞,自立,,
しか,助詞-係助詞,助詞,係助詞,,
ない,形容詞-自立,形容詞,自立,,
。,記号-句点,記号,句点,,
遠い,形容詞-自立,形容詞,自立,,
道のり,名詞-一般,名詞,一般,,
だろ,助動詞,助動詞,,,
う,助動詞,助動詞,,,
。,記号-句点,記号,句点,,
移民,名詞-サ変接続,名詞,サ変接続,,
の,助詞-連体化,助詞,連体化,,
中,名詞-非自立-副詞可能,名詞,非自立,副詞可能,
に,助詞-格助詞-一般,助詞,格助詞,一般,
は,助詞-係助詞,助詞,係助詞,,
、,記号-読点,記号,読点,,
幼い,形容詞-自立,形容詞,自立,,
子供,名詞-一般,名詞,一般,,
や,助詞-並立助詞,助詞,並立助詞,,
病気,名詞-サ変接続,名詞,サ変接続,,
の,助詞-連体化,助詞,連体化,,
人,名詞-一般,名詞,一般,,
、,記号-読点,記号,読点,,
老人,名詞-一般,名詞,一般,,
も,助詞-係助詞,助詞,係助詞,,
いる,動詞-自立,動詞,自立,,
だろ,助動詞,助動詞,,,
う,助動詞,助動詞,,,
。,記号-句点,記号,句点,,
何とか,副詞-一般,副詞,一般,,
幸せ,名詞-形容動詞語幹,名詞,形容動詞語幹,,
に,助詞-格助詞-一般,助詞,格助詞,一般,
なっ,動詞-自立,動詞,自立,,
て,助詞-接続助詞,助詞,接続助詞,,
欲しい,形容詞-非自立,形容詞,非自立,,
。,記号-句点,記号,句点,,
バイデン,名詞-固有名詞-一般,名詞,固有名詞,一般,
爺さん,名詞-一般,名詞,一般,,
の,助詞-連体化,助詞,連体化,,
責任,名詞-一般,名詞,一般,,
の,助詞-連体化,助詞,連体化,,
一端,名詞-一般,名詞,一般,,
が,助詞-格助詞-一般,助詞,格助詞,一般,
大きい,形容詞-自立,形容詞,自立,,
だろ,助動詞,助動詞,,,
う,助動詞,助動詞,,,
。,記号-句点,記号,句点,,
バイデン,名詞-固有名詞-一般,名詞,固有名詞,一般,
は,助詞-係助詞,助詞,係助詞,,
何かと,副詞-一般,副詞,一般,,
一貫性,名詞-固有名詞-一般,名詞,固有名詞,一般,
が,助詞-格助詞-一般,助詞,格助詞,一般,
なく,形容詞-自立,形容詞,自立,,
、,記号-読点,記号,読点,,
自身,名詞-一般,名詞,一般,,
の,助詞-連体化,助詞,連体化,,
ご都合主義,名詞-一般,名詞,一般,,
。,記号-句点,記号,句点,,
ウクライナ,名詞-固有名詞-地域-国,名詞,固有名詞,地域,国
も,助詞-係助詞,助詞,係助詞,,
アラスカ,名詞-固有名詞-地域-一般,名詞,固有名詞,地域,一般
の,助詞-連体化,助詞,連体化,,
石油,名詞-一般,名詞,一般,,
において,助詞-格助詞-連語,助詞,格助詞,連語,
も,助詞-係助詞,助詞,係助詞,,
そうだ,名詞-サ変接続,名詞,サ変接続,,
が,助詞-格助詞-一般,助詞,格助詞,一般,
、,記号-読点,記号,読点,,
移民政策,名詞-固有名詞-一般,名詞,固有名詞,一般,
において,助詞-格助詞-連語,助詞,格助詞,連語,
も,助詞-係助詞,助詞,係助詞,,
自分勝手,名詞-形容動詞語幹,名詞,形容動詞語幹,,
。,記号-句点,記号,句点,,
トランプ,名詞-一般,名詞,一般,,
前,接頭詞-名詞接続,接頭詞,名詞接続,,
政権,名詞-一般,名詞,一般,,
から,助詞-格助詞-一般,助詞,格助詞,一般,
転換,名詞-サ変接続,名詞,サ変接続,,
し,動詞-自立,動詞,自立,,
、,記号-読点,記号,読点,,
移民,名詞-サ変接続,名詞,サ変接続,,
に,助詞-格助詞-一般,助詞,格助詞,一般,
寛容,名詞-形容動詞語幹,名詞,形容動詞語幹,,
な,助動詞,助動詞,,,
立場,名詞-一般,名詞,一般,,
を,助詞-格助詞-一般,助詞,格助詞,一般,
とり,動詞-自立,動詞,自立,,
、,記号-読点,記号,読点,,
不法,名詞-一般,名詞,一般,,
越境,名詞-サ変接続,名詞,サ変接続,,
者,名詞-接尾-一般,名詞,接尾,一般,
が,助詞-格助詞-一般,助詞,格助詞,一般,
過去最高,名詞-固有名詞-一般,名詞,固有名詞,一般,
の,助詞-連体化,助詞,連体化,,
約,接頭詞-数接続,接頭詞,数接続,,
23万人,名詞-固有名詞-一般,名詞,固有名詞,一般,
と,助詞-格助詞-一般,助詞,格助詞,一般,
なる,動詞-自立,動詞,自立,,
。,記号-句点,記号,句点,,
　,記号-空白,記号,空白,,
慌て,動詞-自立,動詞,自立,,
た,助動詞,助動詞,,,
よう,名詞-非自立-助動詞語幹,名詞,非自立,助動詞語幹,
に,助詞-副詞化,助詞,副詞化,,
制度,名詞-一般,名詞,一般,,
を,助詞-格助詞-一般,助詞,格助詞,一般,
変え,動詞-自立,動詞,自立,,
て,助詞-接続助詞,助詞,接続助詞,,
取締り,名詞-サ変接続,名詞,サ変接続,,
を,助詞-格助詞-一般,助詞,格助詞,一般,
強化,名詞-サ変接続,名詞,サ変接続,,
する,動詞-自立,動詞,自立,,
一方,名詞-非自立-副詞可能,名詞,非自立,副詞可能,
、,記号-読点,記号,読点,,
キューバ,名詞-固有名詞-地域-国,名詞,固有名詞,地域,国
、,記号-読点,記号,読点,,
ハイチ,名詞-固有名詞-地域-国,名詞,固有名詞,地域,国
、,記号-読点,記号,読点,,
ニカラグア,名詞-固有名詞-地域-国,名詞,固有名詞,地域,国
、,記号-読点,記号,読点,,
ベネズエラ,名詞-固有名詞-地域-国,名詞,固有名詞,地域,国
の,助詞-連体化,助詞,連体化,,
中南米,名詞-固有名詞-地域-一般,名詞,固有名詞,地域,一般
4,名詞-数,名詞,数,,
カ国,名詞-接尾-助数詞,名詞,接尾,助数詞,
から,助詞-格助詞-一般,助詞,格助詞,一般,
の,助詞-連体化,助詞,連体化,,
移民,名詞-サ変接続,名詞,サ変接続,,
希望,名詞-サ変接続,名詞,サ変接続,,
者,名詞-接尾-一般,名詞,接尾,一般,
を,助詞-格助詞-一般,助詞,格助詞,一般,
毎月,名詞-副詞可能,名詞,副詞可能,,
3万人,名詞-固有名詞-一般,名詞,固有名詞,一般,
受け入れる,動詞-自立,動詞,自立,,
と,助詞-格助詞-引用,助詞,格助詞,引用,
し,動詞-自立,動詞,自立,,
た,助動詞,助動詞,,,
。,記号-句点,記号,句点,,
　,記号-空白,記号,空白,,
この,連体詞,連体詞,,,
時点,名詞-一般,名詞,一般,,
で,助詞-格助詞-一般,助詞,格助詞,一般,
不平等,名詞-形容動詞語幹,名詞,形容動詞語幹,,
という,助詞-格助詞-連語,助詞,格助詞,連語,
声,名詞-一般,名詞,一般,,
が,助詞-格助詞-一般,助詞,格助詞,一般,
上がっ,動詞-自立,動詞,自立,,
た,助動詞,助動詞,,,
が,助詞-接続助詞,助詞,接続助詞,,
、,記号-読点,記号,読点,,
更に,副詞-助詞類接続,副詞,助詞類接続,,
複雑,名詞-形容動詞語幹,名詞,形容動詞語幹,,
な,助動詞,助動詞,,,
条件,名詞-一般,名詞,一般,,
も,助詞-係助詞,助詞,係助詞,,
あっ,動詞-自立,動詞,自立,,
た,助動詞,助動詞,,,
。,記号-句点,記号,句点,,
移民国家,名詞-固有名詞-一般,名詞,固有名詞,一般,
の,助詞-連体化,助詞,連体化,,
多様性,名詞-固有名詞-一般,名詞,固有名詞,一般,
維持,名詞-サ変接続,名詞,サ変接続,,
を,助詞-格助詞-一般,助詞,格助詞,一般,
アピール,名詞-サ変接続,名詞,サ変接続,,
し,動詞-自立,動詞,自立,,
、,記号-読点,記号,読点,,
支持率,名詞-固有名詞-一般,名詞,固有名詞,一般,
を,助詞-格助詞-一般,助詞,格助詞,一般,
高め,動詞-自立,動詞,自立,,
たい,助動詞,助動詞,,,
想い,名詞-一般,名詞,一般,,
も,助詞-係助詞,助詞,係助詞,,
ある,動詞-自立,動詞,自立,,
の,名詞-非自立-一般,名詞,非自立,一般,
だろ,助動詞,助動詞,,,
う,助動詞,助動詞,,,
。,記号-句点,記号,句点,,
　,記号-空白,記号,空白,,
厳格,名詞-形容動詞語幹,名詞,形容動詞語幹,,
化,名詞-接尾-サ変接続,名詞,接尾,サ変接続,
する,動詞-自立,動詞,自立,,
一方,名詞-非自立-副詞可能,名詞,非自立,副詞可能,
で,助詞-格助詞-一般,助詞,格助詞,一般,
、,記号-読点,記号,読点,,
中南米,名詞-固有名詞-地域-一般,名詞,固有名詞,地域,一般
4,名詞-数,名詞,数,,
カ国,名詞-接尾-助数詞,名詞,接尾,助数詞,
に,助詞-格助詞-一般,助詞,格助詞,一般,
は,助詞-係助詞,助詞,係助詞,,
身元,名詞-一般,名詞,一般,,
引受,名詞-サ変接続,名詞,サ変接続,,
人,名詞-接尾-一般,名詞,接尾,一般,
が,助詞-格助詞-一般,助詞,格助詞,一般,
おり,動詞-自立,動詞,自立,,
、,記号-読点,記号,読点,,
審査,名詞-サ変接続,名詞,サ変接続,,
に,助詞-格助詞-一般,助詞,格助詞,一般,
合格,名詞-サ変接続,名詞,サ変接続,,
し,動詞-自立,動詞,自立,,
た,助動詞,助動詞,,,
移民,名詞-サ変接続,名詞,サ変接続,,
希望,名詞-サ変接続,名詞,サ変接続,,
者,名詞-接尾-一般,名詞,接尾,一般,
の,助詞-連体化,助詞,連体化,,
受け入れ,名詞-一般,名詞,一般,,
措置,名詞-サ変接続,名詞,サ変接続,,
を,助詞-格助詞-一般,助詞,格助詞,一般,
2年間,名詞-固有名詞-一般,名詞,固有名詞,一般,
続ける,動詞-自立,動詞,自立,,
と,助詞-格助詞-引用,助詞,格助詞,引用,
し,動詞-自立,動詞,自立,,
た,助動詞,助動詞,,,
。,記号-句点,記号,句点,,
移民,名詞-サ変接続,名詞,サ変接続,,
希望,名詞-サ変接続,名詞,サ変接続,,
者,名詞-接尾-一般,名詞,接尾,一般,
にとって,助詞-格助詞-連語,助詞,格助詞,連語,
は,助詞-係助詞,助詞,係助詞,,
複雑,名詞-一般,名詞,一般,,
で,助詞-格助詞-一般,助詞,格助詞,一般,
変更,名詞-サ変接続,名詞,サ変接続,,
する,動詞-自立,動詞,自立,,
制度,名詞-一般,名詞,一般,,
に,助詞-格助詞-一般,助詞,格助詞,一般,
、,記号-読点,記号,読点,,
ストライキ,名詞-サ変接続,名詞,サ変接続,,
として,助詞-格助詞-連語,助詞,格助詞,連語,
現れる,動詞-自立,動詞,自立,,
。,記号-句点,記号,句点,,
バイデン,名詞-固有名詞-一般,名詞,固有名詞,一般,
は,助詞-係助詞,助詞,係助詞,,
この,連体詞,連体詞,,,
問題,名詞-ナイ形容詞語幹,名詞,ナイ形容詞語幹,,
の,助詞-連体化,助詞,連体化,,
取材,名詞-サ変接続,名詞,サ変接続,,
を,助詞-格助詞-一般,助詞,格助詞,一般,
逃げ,動詞-自立,動詞,自立,,
て,助詞-接続助詞,助詞,接続助詞,,
いる,動詞-非自立,動詞,非自立,,
よう,名詞-非自立-助動詞語幹,名詞,非自立,助動詞語幹,
だ,助動詞,助動詞,,,
が,助詞-接続助詞,助詞,接続助詞,,
、,記号-読点,記号,読点,,
何,名詞-代名詞-一般,名詞,代名詞,一般,
を,助詞-格助詞-一般,助詞,格助詞,一般,
伝える,動詞-自立,動詞,自立,,
の,名詞-非自立-一般,名詞,非自立,一般,
か,助詞-副助詞／並立助詞／終助詞,助詞,副助詞／並立助詞／終助詞,,
ね,助詞-終助詞,助詞,終助詞,,
？,記号-一般,記号,一般,,
海外,名詞-一般,名詞,一般,,
派兵,名詞-サ変接続,名詞,サ変接続,,
と,助詞-並立助詞,助詞,並立助詞,,
移民受け入れ,名詞-固有名詞-一般,名詞,固有名詞,一般,
が,助詞-格助詞-一般,助詞,格助詞,一般,
国,名詞-一般,名詞,一般,,
を,助詞-格助詞-一般,助詞,格助詞,一般,
動かす,動詞-自立,動詞,自立,,
両輪,名詞-一般,名詞,一般,,
に,助詞-格助詞-一般,助詞,格助詞,一般,
見え,動詞-自立,動詞,自立,,
てる,動詞-非自立,動詞,非自立,,
よ,助詞-終助詞,助詞,終助詞,,
国,名詞-一般,名詞,一般,,
に対する,助詞-格助詞-連語,助詞,格助詞,連語,
忠誠心,名詞-固有名詞-一般,名詞,固有名詞,一般,
と,助詞-格助詞-引用,助詞,格助詞,引用,
考え,動詞-自立,動詞,自立,,
たら,助動詞,助動詞,,,
命,名詞-一般,名詞,一般,,
を,助詞-格助詞-一般,助詞,格助詞,一般,
投げ出し,動詞-自立,動詞,自立,,
て,助詞-接続助詞,助詞,接続助詞,,
戦う,動詞-自立,動詞,自立,,
事,名詞-非自立-一般,名詞,非自立,一般,
が,助詞-格助詞-一般,助詞,格助詞,一般,
証明,名詞-サ変接続,名詞,サ変接続,,
に,助詞-格助詞-一般,助詞,格助詞,一般,
征服,名詞-サ変接続,名詞,サ変接続,,
民,名詞-接尾-一般,名詞,接尾,一般,
は,助詞-係助詞,助詞,係助詞,,
常に,副詞-一般,副詞,一般,,
逆,名詞-一般,名詞,一般,,
に,助詞-格助詞-一般,助詞,格助詞,一般,
征服,名詞-サ変接続,名詞,サ変接続,,
さ,動詞-自立,動詞,自立,,
れる,動詞-接尾,動詞,接尾,,
かも,名詞-一般,名詞,一般,,
？,記号-一般,記号,一般,,
と,助詞-格助詞-引用,助詞,格助詞,引用,
の,助詞-連体化,助詞,連体化,,
疑心暗鬼,名詞-一般,名詞,一般,,
に,助詞-格助詞-一般,助詞,格助詞,一般,
苛ま,動詞-自立,動詞,自立,,
れ,動詞-接尾,動詞,接尾,,
て,助詞-接続助詞,助詞,接続助詞,,
いる,動詞-非自立,動詞,非自立,,
から,助詞-接続助詞,助詞,接続助詞,,
常に,副詞-一般,副詞,一般,,
護身,名詞-一般,名詞,一般,,
用,名詞-接尾-一般,名詞,接尾,一般,
の,助詞-連体化,助詞,連体化,,
武器,名詞-一般,名詞,一般,,
が,助詞-格助詞-一般,助詞,格助詞,一般,
手元,名詞-一般,名詞,一般,,
に,助詞-格助詞-一般,助詞,格助詞,一般,
有る,動詞-自立,動詞,自立,,
事,名詞-非自立-一般,名詞,非自立,一般,
に,助詞-格助詞-一般,助詞,格助詞,一般,
安堵,名詞-サ変接続,名詞,サ変接続,,
する,動詞-自立,動詞,自立,,
の,名詞-非自立-一般,名詞,非自立,一般,
でしょ,助動詞,助動詞,,,
？,記号-一般,記号,一般,,
人,名詞-一般,名詞,一般,,
の,助詞-連体化,助詞,連体化,,
物,名詞-非自立-一般,名詞,非自立,一般,
を,助詞-格助詞-一般,助詞,格助詞,一般,
奪っ,動詞-自立,動詞,自立,,
た,助動詞,助動詞,,,
人達,名詞-一般,名詞,一般,,
の,助詞-連体化,助詞,連体化,,
末裔,名詞-一般,名詞,一般,,
神様,名詞-一般,名詞,一般,,
は,助詞-係助詞,助詞,係助詞,,
自分,名詞-一般,名詞,一般,,
達,名詞-接尾-一般,名詞,接尾,一般,
の,助詞-連体化,助詞,連体化,,
為,名詞-非自立-副詞可能,名詞,非自立,副詞可能,
に,助詞-格助詞-一般,助詞,格助詞,一般,
全て,名詞-副詞可能,名詞,副詞可能,,
を,助詞-格助詞-一般,助詞,格助詞,一般,
用意,名詞-サ変接続,名詞,サ変接続,,
さ,動詞-自立,動詞,自立,,
れ,動詞-接尾,動詞,接尾,,
て,助詞-接続助詞,助詞,接続助詞,,
い,動詞-非自立,動詞,非自立,,
た,助動詞,助動詞,,,
？,記号-一般,記号,一般,,
そんな,連体詞,連体詞,,,
感じ,名詞-一般,名詞,一般,,
で,助詞-格助詞-一般,助詞,格助詞,一般,
正当性,名詞-固有名詞-一般,名詞,固有名詞,一般,
を,助詞-格助詞-一般,助詞,格助詞,一般,
主張,名詞-サ変接続,名詞,サ変接続,,
する,動詞-自立,動詞,自立,,
けど,助詞-接続助詞,助詞,接続助詞,,
不法移住,名詞-サ変接続,名詞,サ変接続,,
者,名詞-接尾-一般,名詞,接尾,一般,
に,助詞-格助詞-一般,助詞,格助詞,一般,
過去,名詞-副詞可能,名詞,副詞可能,,
の,助詞-連体化,助詞,連体化,,
自分,名詞-一般,名詞,一般,,
達,名詞-接尾-一般,名詞,接尾,一般,
を,助詞-格助詞-一般,助詞,格助詞,一般,
投影,名詞-サ変接続,名詞,サ変接続,,
し,動詞-自立,動詞,自立,,
て,助詞-接続助詞,助詞,接続助詞,,
奪わ,動詞-自立,動詞,自立,,
れる,動詞-接尾,動詞,接尾,,
恐怖,名詞-サ変接続,名詞,サ変接続,,
を,助詞-格助詞-一般,助詞,格助詞,一般,
肌,名詞-一般,名詞,一般,,
で,助詞-格助詞-一般,助詞,格助詞,一般,
感じ,動詞-自立,動詞,自立,,
てる,動詞-非自立,動詞,非自立,,
の,名詞-非自立-一般,名詞,非自立,一般,
だ,助動詞,助動詞,,,
と,助詞-格助詞-引用,助詞,格助詞,引用,
思う,動詞-自立,動詞,自立,,
よ,助詞-終助詞,助詞,終助詞,,
シャア,名詞-固有名詞-一般,名詞,固有名詞,一般,
少佐,名詞-一般,名詞,一般,,
だって,助詞-副助詞,助詞,副助詞,,
戦場,名詞-一般,名詞,一般,,
の,助詞-連体化,助詞,連体化,,
戦い,名詞-一般,名詞,一般,,
で,助詞-格助詞-一般,助詞,格助詞,一般,
勝っ,動詞-自立,動詞,自立,,
て,助詞-接続助詞,助詞,接続助詞,,
出世,名詞-サ変接続,名詞,サ変接続,,
し,動詞-自立,動詞,自立,,
た,助動詞,助動詞,,,
ん,名詞-非自立-一般,名詞,非自立,一般,
だ,助動詞,助動詞,,,
俺,名詞-代名詞-一般,名詞,代名詞,一般,
だって,助詞-副助詞,助詞,副助詞,,
！,記号-一般,記号,一般,,
そんな,連体詞,連体詞,,,
感じ,名詞-一般,名詞,一般,,
で,助詞-格助詞-一般,助詞,格助詞,一般,
勝つ,動詞-自立,動詞,自立,,
事,名詞-非自立-一般,名詞,非自立,一般,
を,助詞-格助詞-一般,助詞,格助詞,一般,
夢見,動詞-自立,動詞,自立,,
てる,動詞-非自立,動詞,非自立,,
移民,名詞-サ変接続,名詞,サ変接続,,
が,助詞-格助詞-一般,助詞,格助詞,一般,
多い,形容詞-自立,形容詞,自立,,
の,名詞-非自立-一般,名詞,非自立,一般,
も,助詞-係助詞,助詞,係助詞,,
有る,動詞-自立,動詞,自立,,
と,助詞-格助詞-引用,助詞,格助詞,引用,
思う,動詞-自立,動詞,自立,,
よ,助詞-終助詞,助詞,終助詞,,
誰,名詞-代名詞-一般,名詞,代名詞,一般,
が,助詞-格助詞-一般,助詞,格助詞,一般,
火,名詞-一般,名詞,一般,,
を,助詞-格助詞-一般,助詞,格助詞,一般,
点け,動詞-自立,動詞,自立,,
た,助動詞,助動詞,,,
の,名詞-非自立-一般,名詞,非自立,一般,
か,助詞-副助詞／並立助詞／終助詞,助詞,副助詞／並立助詞／終助詞,,
な,助詞-終助詞,助詞,終助詞,,
？,記号-一般,記号,一般,,
知らんけど,名詞-固有名詞-一般,名詞,固有名詞,一般,
>,記号-一般,記号,一般,,
退去,名詞-サ変接続,名詞,サ変接続,,
を,助詞-格助詞-一般,助詞,格助詞,一般,
拒ん,動詞-自立,動詞,自立,,
だ,助動詞,助動詞,,,
一部,名詞-副詞可能,名詞,副詞可能,,
の,助詞-連体化,助詞,連体化,,
移民,名詞-サ変接続,名詞,サ変接続,,
が,助詞-格助詞-一般,助詞,格助詞,一般,
火,名詞-一般,名詞,一般,,
を,助詞-格助詞-一般,助詞,格助詞,一般,
付け,動詞-自立,動詞,自立,,
た,助動詞,助動詞,,,
と,助詞-格助詞-引用,助詞,格助詞,引用,
明らか,名詞-形容動詞語幹,名詞,形容動詞語幹,,
に,助詞-格助詞-一般,助詞,格助詞,一般,
し,動詞-自立,動詞,自立,,
た,助動詞,助動詞,,,
。,記号-句点,記号,句点,,
当局,名詞-一般,名詞,一般,,
は,助詞-係助詞,助詞,係助詞,,
「,記号-括弧開,記号,括弧開,,
悲劇,名詞-一般,名詞,一般,,
に,助詞-格助詞-一般,助詞,格助詞,一般,
つながっ,動詞-自立,動詞,自立,,
た,助動詞,助動詞,,,
行動,名詞-サ変接続,名詞,サ変接続,,
を,助詞-格助詞-一般,助詞,格助詞,一般,
容認,名詞-サ変接続,名詞,サ変接続,,
し,動詞-自立,動詞,自立,,
ない,助動詞,助動詞,,,
」,記号-括弧閉,記号,括弧閉,,
と,助詞-格助詞-引用,助詞,格助詞,引用,
述べ,動詞-自立,動詞,自立,,
た,助動詞,助動詞,,,
。,記号-句点,記号,句点,,
こんな,連体詞,連体詞,,,
極東,名詞-固有名詞-地域-一般,名詞,固有名詞,地域,一般
の,助詞-連体化,助詞,連体化,,
地,名詞-一般,名詞,一般,,
の,助詞-連体化,助詞,連体化,,
自称,名詞-サ変接続,名詞,サ変接続,,
メディア,名詞-一般,名詞,一般,,
に,助詞-格助詞-一般,助詞,格助詞,一般,
真実,名詞-一般,名詞,一般,,
は,助詞-係助詞,助詞,係助詞,,
伝わら,動詞-自立,動詞,自立,,
ない,助動詞,助動詞,,,
。,記号-句点,記号,句点,,
全く,名詞-一般,名詞,一般,,
意味,名詞-サ変接続,名詞,サ変接続,,
の,助詞-格助詞-一般,助詞,格助詞,一般,
ない,形容詞-自立,形容詞,自立,,
ニュース,名詞-一般,名詞,一般,,
です,助動詞,助動詞,,,
。,記号-句点,記号,句点,,
おい,感動詞,感動詞,,,
不法移民,名詞-固有名詞-一般,名詞,固有名詞,一般,
収容,名詞-サ変接続,名詞,サ変接続,,
所,名詞-接尾-一般,名詞,接尾,一般,
と,助詞-格助詞-引用,助詞,格助詞,引用,
書け,動詞-自立,動詞,自立,,
ない,助動詞,助動詞,,,
の,名詞-非自立-一般,名詞,非自立,一般,
か,助詞-副助詞／並立助詞／終助詞,助詞,副助詞／並立助詞／終助詞,,
、,記号-読点,記号,読点,,
何,名詞-代名詞-一般,名詞,代名詞,一般,
其の,連体詞,連体詞,,,
保護施設,名詞-固有名詞-一般,名詞,固有名詞,一般,
で,助詞-格助詞-一般,助詞,格助詞,一般,
有る,動詞-自立,動詞,自立,,
か,助詞-副助詞／並立助詞／終助詞,助詞,副助詞／並立助詞／終助詞,,
の,助詞-連体化,助詞,連体化,,
様,名詞-非自立-助動詞語幹,名詞,非自立,助動詞語幹,
な,助動詞,助動詞,,,
移民,名詞-サ変接続,名詞,サ変接続,,
施設,名詞-サ変接続,名詞,サ変接続,,
と,助詞-格助詞-引用,助詞,格助詞,引用,
言う,動詞-自立,動詞,自立,,
の,名詞-非自立-一般,名詞,非自立,一般,
は,助詞-係助詞,助詞,係助詞,,
、,記号-読点,記号,読点,,
＞,記号-括弧閉,記号,括弧閉,,
退去,名詞-サ変接続,名詞,サ変接続,,
を,助詞-格助詞-一般,助詞,格助詞,一般,
拒ん,動詞-自立,動詞,自立,,
だ,助動詞,助動詞,,,
一部,名詞-副詞可能,名詞,副詞可能,,
の,助詞-連体化,助詞,連体化,,
移民,名詞-サ変接続,名詞,サ変接続,,
が,助詞-格助詞-一般,助詞,格助詞,一般,
火,名詞-一般,名詞,一般,,
を,助詞-格助詞-一般,助詞,格助詞,一般,
付け,動詞-自立,動詞,自立,,
た,助動詞,助動詞,,,
と,助詞-格助詞-引用,助詞,格助詞,引用,
明らか,名詞-形容動詞語幹,名詞,形容動詞語幹,,
に,助詞-格助詞-一般,助詞,格助詞,一般,
し,動詞-自立,動詞,自立,,
た,助動詞,助動詞,,,
「,記号-括弧開,記号,括弧開,,
退去,名詞-サ変接続,名詞,サ変接続,,
さ,動詞-自立,動詞,自立,,
せ,動詞-接尾,動詞,接尾,,
たい,助動詞,助動詞,,,
側,名詞-接尾-一般,名詞,接尾,一般,
」,記号-括弧閉,記号,括弧閉,,
、,記号-読点,記号,読点,,
の,助詞-連体化,助詞,連体化,,
方,名詞-非自立-一般,名詞,非自立,一般,
が,助詞-格助詞-一般,助詞,格助詞,一般,
流れ,動詞-自立,動詞,自立,,
的,名詞-接尾-形容動詞語幹,名詞,接尾,形容動詞語幹,
に,助詞-副詞化,助詞,副詞化,,
納得,名詞-サ変接続,名詞,サ変接続,,
できる,動詞-自立,動詞,自立,,
が,助詞-接続助詞,助詞,接続助詞,,
…,記号-一般,記号,一般,,
これ,名詞-代名詞-一般,名詞,代名詞,一般,
でも,助詞-副助詞,助詞,副助詞,,
日本,名詞-固有名詞-地域-国,名詞,固有名詞,地域,国
は,助詞-係助詞,助詞,係助詞,,
移民受け入れ,名詞-固有名詞-一般,名詞,固有名詞,一般,
強化,名詞-サ変接続,名詞,サ変接続,,
すん,動詞-自立,動詞,自立,,
の,名詞-非自立-一般,名詞,非自立,一般,
か,助詞-副助詞／並立助詞／終助詞,助詞,副助詞／並立助詞／終助詞,,
ね,助詞-終助詞,助詞,終助詞,,
日本,名詞-固有名詞-地域-国,名詞,固有名詞,地域,国
も,助詞-係助詞,助詞,係助詞,,
他人事,名詞-一般,名詞,一般,,
じゃ,助詞-副助詞,助詞,副助詞,,
ない,助動詞,助動詞,,,
。,記号-句点,記号,句点,,
移民,名詞-サ変接続,名詞,サ変接続,,
反対派,名詞-固有名詞-一般,名詞,固有名詞,一般,
が,助詞-格助詞-一般,助詞,格助詞,一般,
移民,名詞-サ変接続,名詞,サ変接続,,
を,助詞-格助詞-一般,助詞,格助詞,一般,
退去,名詞-サ変接続,名詞,サ変接続,,
さ,動詞-自立,動詞,自立,,
せる,動詞-接尾,動詞,接尾,,
ため,名詞-非自立-副詞可能,名詞,非自立,副詞可能,
に,助詞-格助詞-一般,助詞,格助詞,一般,
火,名詞-一般,名詞,一般,,
を,助詞-格助詞-一般,助詞,格助詞,一般,
つけ,動詞-自立,動詞,自立,,
た,助動詞,助動詞,,,
ん,名詞-非自立-一般,名詞,非自立,一般,
じゃ,助詞-副助詞,助詞,副助詞,,
なく,助動詞,助動詞,,,
移民,名詞-サ変接続,名詞,サ変接続,,
が,助詞-格助詞-一般,助詞,格助詞,一般,
自ら,名詞-副詞可能,名詞,副詞可能,,
怒っ,動詞-自立,動詞,自立,,
て,助詞-接続助詞,助詞,接続助詞,,
火,名詞-一般,名詞,一般,,
を,助詞-格助詞-一般,助詞,格助詞,一般,
つけ,動詞-自立,動詞,自立,,
た,助動詞,助動詞,,,
ん,名詞-非自立-一般,名詞,非自立,一般,
だ,助動詞,助動詞,,,
ね,助詞-終助詞,助詞,終助詞,,
39人,名詞-固有名詞-一般,名詞,固有名詞,一般,
も,助詞-係助詞,助詞,係助詞,,
死亡,名詞-サ変接続,名詞,サ変接続,,
し,動詞-自立,動詞,自立,,
た,助動詞,助動詞,,,
と,助詞-格助詞-引用,助詞,格助詞,引用,
言う,動詞-自立,動詞,自立,,
こと,名詞-非自立-一般,名詞,非自立,一般,
は,助詞-係助詞,助詞,係助詞,,
火傷,名詞-サ変接続,名詞,サ変接続,,
し,動詞-自立,動詞,自立,,
た,助動詞,助動詞,,,
人,名詞-一般,名詞,一般,,
は,助詞-係助詞,助詞,係助詞,,
大量,名詞-形容動詞語幹,名詞,形容動詞語幹,,
に,助詞-副詞化,助詞,副詞化,,
いる,動詞-自立,動詞,自立,,
だろ,助動詞,助動詞,,,
う,助動詞,助動詞,,,
し,助詞-接続助詞,助詞,接続助詞,,
大変,名詞-形容動詞語幹,名詞,形容動詞語幹,,
だ,助動詞,助動詞,,,
ね,助詞-終助詞,助詞,終助詞,,
犯人,名詞-一般,名詞,一般,,
が,助詞-格助詞-一般,助詞,格助詞,一般,
特定,名詞-サ変接続,名詞,サ変接続,,
でき,動詞-自立,動詞,自立,,
てる,動詞-非自立,動詞,非自立,,
なら,助動詞,助動詞,,,
容赦なく,名詞-固有名詞-一般,名詞,固有名詞,一般,
断罪,名詞-サ変接続,名詞,サ変接続,,
し,動詞-自立,動詞,自立,,
て,助詞-接続助詞,助詞,接続助詞,,
厳しく,形容詞-自立,形容詞,自立,,
裁い,動詞-自立,動詞,自立,,
て,助詞-接続助詞,助詞,接続助詞,,
ほしい,形容詞-非自立,形容詞,非自立,,
ね,助詞-終助詞,助詞,終助詞,,
昔,名詞-副詞可能,名詞,副詞可能,,
、,記号-読点,記号,読点,,
その,連体詞,連体詞,,,
橋,名詞-一般,名詞,一般,,
を,助詞-格助詞-一般,助詞,格助詞,一般,
渡っ,動詞-自立,動詞,自立,,
た,助動詞,助動詞,,,
こと,名詞-非自立-一般,名詞,非自立,一般,
が,助詞-格助詞-一般,助詞,格助詞,一般,
ある,動詞-自立,動詞,自立,,
けど,助詞-接続助詞,助詞,接続助詞,,
、,記号-読点,記号,読点,,
メキシコ,名詞-固有名詞-地域-国,名詞,固有名詞,地域,国
側,名詞-接尾-一般,名詞,接尾,一般,
は,助詞-係助詞,助詞,係助詞,,
物乞い,名詞-一般,名詞,一般,,
だらけ,名詞-接尾-一般,名詞,接尾,一般,
だっ,助動詞,助動詞,,,
た,助動詞,助動詞,,,
。,記号-句点,記号,句点,,
格差,名詞-一般,名詞,一般,,
が,助詞-格助詞-一般,助詞,格助詞,一般,
なくなら,動詞-自立,動詞,自立,,
ない,助動詞,助動詞,,,
の,名詞-非自立-一般,名詞,非自立,一般,
は,助詞-係助詞,助詞,係助詞,,
メキシコ,名詞-固有名詞-地域-国,名詞,固有名詞,地域,国
側,名詞-接尾-一般,名詞,接尾,一般,
の,助詞-連体化,助詞,連体化,,
問題,名詞-ナイ形容詞語幹,名詞,ナイ形容詞語幹,,
。,記号-句点,記号,句点,,
資源,名詞-一般,名詞,一般,,
が,助詞-格助詞-一般,助詞,格助詞,一般,
豊富,名詞-形容動詞語幹,名詞,形容動詞語幹,,
で,助動詞,助動詞,,,
気候,名詞-一般,名詞,一般,,
に,助詞-格助詞-一般,助詞,格助詞,一般,
も,助詞-係助詞,助詞,係助詞,,
恵まれ,動詞-自立,動詞,自立,,
てる,動詞-非自立,動詞,非自立,,
のに,助詞-接続助詞,助詞,接続助詞,,
政治家,名詞-一般,名詞,一般,,
は,助詞-係助詞,助詞,係助詞,,
何,名詞-代名詞-一般,名詞,代名詞,一般,
し,動詞-自立,動詞,自立,,
てん,動詞-非自立,動詞,非自立,,
の,助詞-終助詞,助詞,終助詞,,
？,記号-一般,記号,一般,,
国,名詞-一般,名詞,一般,,
が,助詞-格助詞-一般,助詞,格助詞,一般,
腐る,動詞-自立,動詞,自立,,
と,助詞-接続助詞,助詞,接続助詞,,
国民,名詞-一般,名詞,一般,,
も,助詞-係助詞,助詞,係助詞,,
腐り,動詞-自立,動詞,自立,,
周り,名詞-一般,名詞,一般,,
に,助詞-格助詞-一般,助詞,格助詞,一般,
迷惑,名詞-形容動詞語幹,名詞,形容動詞語幹,,
を,助詞-格助詞-一般,助詞,格助詞,一般,
かける,動詞-自立,動詞,自立,,
だけ,助詞-副助詞,助詞,副助詞,,
の,助詞-連体化,助詞,連体化,,
無価値,名詞-固有名詞-一般,名詞,固有名詞,一般,
な,助動詞,助動詞,,,
存在,名詞-サ変接続,名詞,サ変接続,,
へ,助詞-格助詞-一般,助詞,格助詞,一般,
と,助詞-格助詞-引用,助詞,格助詞,引用,
成り,動詞-自立,動詞,自立,,
果てる,動詞-自立,動詞,自立,,
豊か,名詞-形容動詞語幹,名詞,形容動詞語幹,,
な,助動詞,助動詞,,,
資源,名詞-一般,名詞,一般,,
と,助詞-並立助詞,助詞,並立助詞,,
土地,名詞-一般,名詞,一般,,
に,助詞-格助詞-一般,助詞,格助詞,一般,
恵まれ,動詞-自立,動詞,自立,,
て,助詞-接続助詞,助詞,接続助詞,,
も,助詞-係助詞,助詞,係助詞,,
働こ,動詞-自立,動詞,自立,,
う,助動詞,助動詞,,,
と,助詞-格助詞-一般,助詞,格助詞,一般,
し,動詞-自立,動詞,自立,,
なけれ,助動詞,助動詞,,,
ば,助詞-接続助詞,助詞,接続助詞,,
豚に真珠,名詞-固有名詞-一般,名詞,固有名詞,一般,
で,助詞-格助詞-一般,助詞,格助詞,一般,
しか,助詞-係助詞,助詞,係助詞,,
ない,形容詞-自立,形容詞,自立,,
わざわざ,副詞-助詞類接続,副詞,助詞類接続,,
独裁者,名詞-固有名詞-一般,名詞,固有名詞,一般,
相手,名詞-一般,名詞,一般,,
に,助詞-格助詞-一般,助詞,格助詞,一般,
正攻法,名詞-一般,名詞,一般,,
取ら,動詞-自立,動詞,自立,,
なく,助動詞,助動詞,,,
て,助詞-接続助詞,助詞,接続助詞,,
もさっ,副詞-一般,副詞,一般,,
さと,名詞-固有名詞-人名-名,名詞,固有名詞,人名,名
クーデター,名詞-一般,名詞,一般,,
し,動詞-自立,動詞,自立,,
た,助動詞,助動詞,,,
方,名詞-非自立-一般,名詞,非自立,一般,
が,助詞-格助詞-一般,助詞,格助詞,一般,
早い,形容詞-自立,形容詞,自立,,
のに,助詞-接続助詞,助詞,接続助詞,,
ね,助詞-終助詞,助詞,終助詞,,
「,記号-括弧開,記号,括弧開,,
移民,名詞-サ変接続,名詞,サ変接続,,
施設,名詞-サ変接続,名詞,サ変接続,,
」,記号-括弧閉,記号,括弧閉,,
で,助詞-格助詞-一般,助詞,格助詞,一般,
は,助詞-係助詞,助詞,係助詞,,
なく,助動詞,助動詞,,,
、,記号-読点,記号,読点,,
「,記号-括弧開,記号,括弧開,,
不法入国者,名詞-固有名詞-一般,名詞,固有名詞,一般,
収容施設,名詞-固有名詞-一般,名詞,固有名詞,一般,
」,記号-括弧閉,記号,括弧閉,,
で,助詞-格助詞-一般,助詞,格助詞,一般,
は,助詞-係助詞,助詞,係助詞,,
ない,助動詞,助動詞,,,
の,助詞-終助詞,助詞,終助詞,,
？,記号-一般,記号,一般,,
　,記号-空白,記号,空白,,
しかも,接続詞,接続詞,,,
放火犯,名詞-固有名詞-一般,名詞,固有名詞,一般,
は,助詞-係助詞,助詞,係助詞,,
「,記号-括弧開,記号,括弧開,,
米国,名詞-固有名詞-地域-国,名詞,固有名詞,地域,国
入国,名詞-サ変接続,名詞,サ変接続,,
を,助詞-格助詞-一般,助詞,格助詞,一般,
拒否,名詞-サ変接続,名詞,サ変接続,,
さ,動詞-自立,動詞,自立,,
れ,動詞-接尾,動詞,接尾,,
た,助動詞,助動詞,,,
不法入国者,名詞-固有名詞-一般,名詞,固有名詞,一般,
」,記号-括弧閉,記号,括弧閉,,
と,助詞-格助詞-引用,助詞,格助詞,引用,
か,助詞-副助詞／並立助詞／終助詞,助詞,副助詞／並立助詞／終助詞,,
。,記号-句点,記号,句点,,
共同,名詞-サ変接続,名詞,サ変接続,,
、,記号-読点,記号,読点,,
朝日,名詞-固有名詞-組織,名詞,固有名詞,組織,
など,助詞-副助詞,助詞,副助詞,,
は,助詞-係助詞,助詞,係助詞,,
「,記号-括弧開,記号,括弧開,,
移民,名詞-サ変接続,名詞,サ変接続,,
者,名詞-接尾-一般,名詞,接尾,一般,
」,記号-括弧閉,記号,括弧閉,,
として,助詞-格助詞-連語,助詞,格助詞,連語,
報道,名詞-サ変接続,名詞,サ変接続,,
したがっ,動詞-自立,動詞,自立,,
て,助詞-接続助詞,助詞,接続助詞,,
いる,動詞-非自立,動詞,非自立,,
けど,助詞-接続助詞,助詞,接続助詞,,
、,記号-読点,記号,読点,,
こんな,連体詞,連体詞,,,
放火犯,名詞-固有名詞-一般,名詞,固有名詞,一般,
など,助詞-副助詞,助詞,副助詞,,
は,助詞-係助詞,助詞,係助詞,,
「,記号-括弧開,記号,括弧開,,
まとも,名詞-形容動詞語幹,名詞,形容動詞語幹,,
な,助動詞,助動詞,,,
移民,名詞-サ変接続,名詞,サ変接続,,
」,記号-括弧閉,記号,括弧閉,,
として,助詞-格助詞-連語,助詞,格助詞,連語,
は,助詞-係助詞,助詞,係助詞,,
扱え,動詞-自立,動詞,自立,,
ない,助動詞,助動詞,,,
し,助詞-接続助詞,助詞,接続助詞,,
、,記号-読点,記号,読点,,
メキシコ,名詞-固有名詞-地域-国,名詞,固有名詞,地域,国
にとって,助詞-格助詞-連語,助詞,格助詞,連語,
も,助詞-係助詞,助詞,係助詞,,
大,接頭詞-名詞接続,接頭詞,名詞接続,,
迷惑,名詞-形容動詞語幹,名詞,形容動詞語幹,,
な,助動詞,助動詞,,,
連中,名詞-一般,名詞,一般,,
という,助詞-格助詞-連語,助詞,格助詞,連語,
こと,名詞-非自立-一般,名詞,非自立,一般,
です,助動詞,助動詞,,,
。,記号-句点,記号,句点,,
68人,名詞-固有名詞-一般,名詞,固有名詞,一般,
が,助詞-格助詞-一般,助詞,格助詞,一般,
収容,名詞-サ変接続,名詞,サ変接続,,
さ,動詞-自立,動詞,自立,,
れ,動詞-接尾,動詞,接尾,,
て,助詞-接続助詞,助詞,接続助詞,,
い,動詞-非自立,動詞,非自立,,
て,助詞-接続助詞,助詞,接続助詞,,
死亡,名詞-サ変接続,名詞,サ変接続,,
39人,名詞-固有名詞-一般,名詞,固有名詞,一般,
負傷,名詞-サ変接続,名詞,サ変接続,,
29人,名詞-固有名詞-一般,名詞,固有名詞,一般,
だ,助動詞,助動詞,,,
から,助詞-接続助詞,助詞,接続助詞,,
、,記号-読点,記号,読点,,
無傷,名詞-一般,名詞,一般,,
0,名詞-数,名詞,数,,
人,名詞-接尾-助数詞,名詞,接尾,助数詞,
。,記号-句点,記号,句点,,
収容,名詞-サ変接続,名詞,サ変接続,,
者,名詞-接尾-一般,名詞,接尾,一般,
は,助詞-係助詞,助詞,係助詞,,
、,記号-読点,記号,読点,,
ベネズエラ,名詞-固有名詞-地域-国,名詞,固有名詞,地域,国
など,助詞-副助詞,助詞,副助詞,,
の,助詞-連体化,助詞,連体化,,
外国人,名詞-固有名詞-一般,名詞,固有名詞,一般,
。,記号-句点,記号,句点,,
放火,名詞-サ変接続,名詞,サ変接続,,
の,助詞-連体化,助詞,連体化,,
犯人,名詞-一般,名詞,一般,,
も,助詞-係助詞,助詞,係助詞,,
外国人,名詞-固有名詞-一般,名詞,固有名詞,一般,
。,記号-句点,記号,句点,,
こんな,連体詞,連体詞,,,
危険,名詞-形容動詞語幹,名詞,形容動詞語幹,,
な,助動詞,助動詞,,,
奴ら,名詞-代名詞-一般,名詞,代名詞,一般,
、,記号-読点,記号,読点,,
アメリカ,名詞-固有名詞-地域-国,名詞,固有名詞,地域,国
が,助詞-格助詞-一般,助詞,格助詞,一般,
移民,名詞-サ変接続,名詞,サ変接続,,
を,助詞-格助詞-一般,助詞,格助詞,一般,
認める,動詞-自立,動詞,自立,,
わけ,名詞-非自立-一般,名詞,非自立,一般,
が,助詞-格助詞-一般,助詞,格助詞,一般,
ない,形容詞-自立,形容詞,自立,,
。,記号-句点,記号,句点,,
メキシコ,名詞-固有名詞-地域-国,名詞,固有名詞,地域,国
も,助詞-係助詞,助詞,係助詞,,
いい,形容詞-非自立,形容詞,非自立,,
迷惑,名詞-形容動詞語幹,名詞,形容動詞語幹,,
だ,助動詞,助動詞,,,
な,助詞-終助詞,助詞,終助詞,,
。,記号-句点,記号,句点,,
これ,名詞-代名詞-一般,名詞,代名詞,一般,
は,助詞-係助詞,助詞,係助詞,,
火,名詞-一般,名詞,一般,,
消す,動詞-自立,動詞,自立,,
の,名詞-非自立-一般,名詞,非自立,一般,
も,助詞-係助詞,助詞,係助詞,,
一苦労,名詞-サ変接続,名詞,サ変接続,,
や,助詞-並立助詞,助詞,並立助詞,,
な！,名詞-固有名詞-人名-一般,名詞,固有名詞,人名,一般
自分,名詞-一般,名詞,一般,,
の,助詞-格助詞-一般,助詞,格助詞,一般,
置か,動詞-自立,動詞,自立,,
れ,動詞-接尾,動詞,接尾,,
た,助動詞,助動詞,,,
待遇,名詞-サ変接続,名詞,サ変接続,,
が,助詞-格助詞-一般,助詞,格助詞,一般,
、,記号-読点,記号,読点,,
嫌,名詞-形容動詞語幹,名詞,形容動詞語幹,,
な,助動詞,助動詞,,,
の,名詞-非自立-一般,名詞,非自立,一般,
でしょ,助動詞,助動詞,,,
う,助動詞,助動詞,,,
ね,助詞-終助詞,助詞,終助詞,,
。,記号-句点,記号,句点,,
宙ぶらりん,名詞-形容動詞語幹,名詞,形容動詞語幹,,
だ,助動詞,助動詞,,,
し,助詞-接続助詞,助詞,接続助詞,,
。,記号-句点,記号,句点,,
やはり,副詞-一般,副詞,一般,,
さっさと,副詞-一般,副詞,一般,,
強制送還,名詞-固有名詞-一般,名詞,固有名詞,一般,
が,助詞-格助詞-一般,助詞,格助詞,一般,
win-win,名詞-固有名詞-一般,名詞,固有名詞,一般,
だ,助動詞,助動詞,,,
と,助詞-格助詞-引用,助詞,格助詞,引用,
思う,動詞-自立,動詞,自立,,
不法入国者,名詞-固有名詞-一般,名詞,固有名詞,一般,
は,助詞-係助詞,助詞,係助詞,,
移民,名詞-サ変接続,名詞,サ変接続,,
じゃ,助詞-副助詞,助詞,副助詞,,
ない,助動詞,助動詞,,,
。,記号-句点,記号,句点,,
合法的,名詞-固有名詞-一般,名詞,固有名詞,一般,
に,助詞-格助詞-一般,助詞,格助詞,一般,
移民,名詞-サ変接続,名詞,サ変接続,,
し,動詞-自立,動詞,自立,,
た,助動詞,助動詞,,,
人たち,名詞-一般,名詞,一般,,
に,助詞-格助詞-一般,助詞,格助詞,一般,
失礼,名詞-形容動詞語幹,名詞,形容動詞語幹,,
だ,助動詞,助動詞,,,
。,記号-句点,記号,句点,,
流石,副詞-一般,副詞,一般,,
マスゴミ,名詞-固有名詞-一般,名詞,固有名詞,一般,
。,記号-句点,記号,句点,,
礼儀,名詞-一般,名詞,一般,,
に,助詞-格助詞-一般,助詞,格助詞,一般,
欠く,動詞-自立,動詞,自立,,
奴ら,名詞-代名詞-一般,名詞,代名詞,一般,
だ,助動詞,助動詞,,,
。,記号-句点,記号,句点,,
＞,記号-括弧閉,記号,括弧閉,,
惨事,名詞-一般,名詞,一般,,
に,助詞-格助詞-一般,助詞,格助詞,一般,
なる,動詞-自立,動詞,自立,,
と,助詞-格助詞-引用,助詞,格助詞,引用,
は,助詞-係助詞,助詞,係助詞,,
おわ,動詞-自立,動詞,自立,,
なかっ,助動詞,助動詞,,,
た,助動詞,助動詞,,,
甘い,形容詞-自立,形容詞,自立,,
し,助詞-接続助詞,助詞,接続助詞,,
、,記号-読点,記号,読点,,
頭が悪い,名詞-固有名詞-一般,名詞,固有名詞,一般,
。,記号-句点,記号,句点,,
グロテスク,名詞-形容動詞語幹,名詞,形容動詞語幹,,
王国,名詞-一般,名詞,一般,,
メキシコ,名詞-固有名詞-地域-国,名詞,固有名詞,地域,国
